Datetime,Water Level (m)
2026-06-16 12:00:00,-0.25522262
2026-06-16 13:00:00,0.19685341
2026-06-16 14:00:00,0.6331472
2026-06-16 15:00:00,0.9165051
2026-06-16 16:00:00,0.9901582
2026-06-16 17:00:00,0.8003665
2026-06-16 18:00:00,0.42119884
2026-06-16 19:00:00,-0.0448534
2026-06-16 20:00:00,-0.47860876
2026-06-16 21:00:00,-0.77575874
2026-06-16 22:00:00,-0.8253674
2026-06-16 23:00:00,-0.6281319
2026-06-17 00:00:00,-0.23401469
2026-06-17 01:00:00,0.30551967
2026-06-17 02:00:00,0.8542733
2026-06-17 03:00:00,1.2713745
2026-06-17 04:00:00,1.466706
2026-06-17 05:00:00,1.4072919
2026-06-17 06:00:00,1.076302
2026-06-17 07:00:00,0.57641673
2026-06-17 08:00:00,0.026484668
2026-06-17 09:00:00,-0.44987014
2026-06-17 10:00:00,-0.7363292
2026-06-17 11:00:00,-0.7655332
2026-06-17 12:00:00,-0.5537146
2026-06-17 13:00:00,-0.15771118
2026-06-17 14:00:00,0.30807552
2026-06-17 15:00:00,0.698444
2026-06-17 16:00:00,0.93152153
2026-06-17 17:00:00,0.9437555
2026-06-17 18:00:00,0.7318582
2026-06-17 19:00:00,0.35783064
2026-06-17 20:00:00,-0.072438434
2026-06-17 21:00:00,-0.46863282
2026-06-17 22:00:00,-0.71826786
2026-06-17 23:00:00,-0.7340203
2026-06-18 00:00:00,-0.51252455
2026-06-18 01:00:00,-0.0912285
2026-06-18 02:00:00,0.4371278
2026-06-18 03:00:00,0.9442754
2026-06-18 04:00:00,1.2902377
2026-06-18 05:00:00,1.4140342
2026-06-18 06:00:00,1.2754394
2026-06-18 07:00:00,0.91647637
2026-06-18 08:00:00,0.42968452
2026-06-18 09:00:00,-0.065242164
2026-06-18 10:00:00,-0.48443314
2026-06-18 11:00:00,-0.6964433
2026-06-18 12:00:00,-0.67788416
2026-06-18 13:00:00,-0.4406063
2026-06-18 14:00:00,-0.052662607
2026-06-18 15:00:00,0.37821716
2026-06-18 16:00:00,0.7316719
2026-06-18 17:00:00,0.92441386
2026-06-18 18:00:00,0.8949903
2026-06-18 19:00:00,0.6836098
2026-06-18 20:00:00,0.32968074
2026-06-18 21:00:00,-0.06942047
2026-06-18 22:00:00,-0.41145265
2026-06-18 23:00:00,-0.60031444
2026-06-19 00:00:00,-0.5753618
2026-06-19 01:00:00,-0.33722442
2026-06-19 02:00:00,0.07844872
2026-06-19 03:00:00,0.56422687
2026-06-19 04:00:00,1.0047532
2026-06-19 05:00:00,1.2587566
2026-06-19 06:00:00,1.2945569
2026-06-19 07:00:00,1.1091598
2026-06-19 08:00:00,0.751783
2026-06-19 09:00:00,0.30601087
2026-06-19 10:00:00,-0.12776452
2026-06-19 11:00:00,-0.4628424
2026-06-19 12:00:00,-0.62575537
2026-06-19 13:00:00,-0.5803874
2026-06-19 14:00:00,-0.33839095
2026-06-19 15:00:00,0.028770829
2026-06-19 16:00:00,0.41598332
2026-06-19 17:00:00,0.72743154
2026-06-19 18:00:00,0.8689046
2026-06-19 19:00:00,0.81732523
2026-06-19 20:00:00,0.61299753
2026-06-19 21:00:00,0.30631438
2026-06-19 22:00:00,-0.04990066
2026-06-19 23:00:00,-0.3384424
2026-06-20 00:00:00,-0.4699362
2026-06-20 01:00:00,-0.4112541
2026-06-20 02:00:00,-0.19425935
2026-06-20 03:00:00,0.17790982
2026-06-20 04:00:00,0.5759828
2026-06-20 05:00:00,0.9237861
2026-06-20 06:00:00,1.1145362
2026-06-20 07:00:00,1.1149756
2026-06-20 08:00:00,0.9321605
2026-06-20 09:00:00,0.60382307
2026-06-20 10:00:00,0.21116722
2026-06-20 11:00:00,-0.16136761
2026-06-20 12:00:00,-0.4301393
2026-06-20 13:00:00,-0.5385711
2026-06-20 14:00:00,-0.45532036
2026-06-20 15:00:00,-0.21962234
2026-06-20 16:00:00,0.110789664
2026-06-20 17:00:00,0.44840735
2026-06-20 18:00:00,0.7070147
2026-06-20 19:00:00,0.8081431
2026-06-20 20:00:00,0.76510304
2026-06-20 21:00:00,0.5790483
2026-06-20 22:00:00,0.31528956
2026-06-20 23:00:00,0.0273259
2026-06-21 00:00:00,-0.21118915
2026-06-21 01:00:00,-0.31355196
2026-06-21 02:00:00,-0.24445716
2026-06-21 03:00:00,-0.045144074
2026-06-21 04:00:00,0.25866106
2026-06-21 05:00:00,0.58774656
2026-06-21 06:00:00,0.8530841
2026-06-21 07:00:00,0.97519016
2026-06-21 08:00:00,0.94494027
2026-06-21 09:00:00,0.7703331
2026-06-21 10:00:00,0.48668796
2026-06-21 11:00:00,0.1534254
2026-06-21 12:00:00,-0.16520256
2026-06-21 13:00:00,-0.3772009
2026-06-21 14:00:00,-0.4477714
2026-06-21 15:00:00,-0.34865806
2026-06-21 16:00:00,-0.122251004
2026-06-21 17:00:00,0.1696076
2026-06-21 18:00:00,0.45528236
2026-06-21 19:00:00,0.6678504
2026-06-21 20:00:00,0.75761557
2026-06-21 21:00:00,0.7211026
2026-06-21 22:00:00,0.5712071
2026-06-21 23:00:00,0.36360258
2026-06-22 00:00:00,0.10199572
2026-06-22 01:00:00,-0.08981785
2026-06-22 02:00:00,-0.16629578
2026-06-22 03:00:00,-0.11145574
2026-06-22 04:00:00,0.048027266
2026-06-22 05:00:00,0.29525632
2026-06-22 06:00:00,0.5587203
2026-06-22 07:00:00,0.7412485
2026-06-22 08:00:00,0.8276147
2026-06-22 09:00:00,0.7947046
2026-06-22 10:00:00,0.64618266
2026-06-22 11:00:00,0.40281004
2026-06-22 12:00:00,0.121926434
